Website URL,Company Name,Phone Number,Keyword Matches,Emails
https://www.havas.com/,Havas,(212) 886-2000,61,
https://astoundz.com/,Astoundz,(888) 604-1515,2175,"info@astoundz.com,sales@astoundz.com"
http://apiumhub.com,Apiumhub,,352,
http://atomicobject.com,Atomic Object,,176,
http://arc.dev,Arc,,114,
http://altexsoft.com,AltexSoft,,393,
https://amsive.com/,Amsive,(888) 223-2022,512,
http://10pearls.com,10Pearls,,567,
http://belitsoft.com,Belitsoft,,670,
https://directiveconsulting.com/,Directive,(949) 229-3456,920,
http://fuelpowered.com,Fuel Powered,,10,
http://echobind.com,Echobind,,97,
http://computools.com,Computools,,368,"ab@computools.com,info@computools.com,jv@computools.com,ob@computools.com,os@computools.com,pa@computools.com,vv@computools.com"
http://domandtom.com,Dom & Tom,,28,
http://eleks.com,Eleks,,738,
http://avenga.com,Avenga,,303,hello@avenga.com
https://forefrontweb.com/,ForeFront Web,(614) 737-9933,440,"howdy@forefrontweb.com,info@forefrontweb.com"
https://hansfinest.com/,Hans Finest Digital Solutions,(443) 808-3555,113,hello@hansfinest.com
http://envoc.com,Envoc,,84,info@envoc.com
http://dataart.com,DataArt,,95,"careers.beg@dataart.com,careers.bengaluru@dataart.com,careers.lodz@dataart.com,careers.yerevan@dataart.com,ch-sales@dataart.com,cluj-office@dataart.com,de-sales@dataart.com,dubai-sales@dataart.com,hr-alm@dataart.com,hr-ast@dataart.com,hr-cyprus@dataart.com,hr-dp@dataart.com,hr-kh@dataart.com,hr-krakow@dataart.com,hr-kyiv@dataart.com,hr-lublin@dataart.com,hr-lviv@dataart.com,hr-mty@dataart.com,hr-od@dataart.com,hr-riga@dataart.com,hr-sf@dataart.com,hr-vna@dataart.com,hr-waw@dataart.com,hr-wroclaw@dataart.com,new-york@dataart.com,orlando@dataart.com,sales@dataart.com,uk-sales@dataart.com"
http://ciklum.com,Ciklum,,247,
http://intellias.com,Intellias,,210,info@intellias.com
https://iticy.com/,Iticy,+1 (888) 581-6548,147,contact@iticy.com
https://elkmktg.com/,ELK MKTG,(438) 796-6881,213,
http://interactiv.com,Interactiv,,326,
https://ledgerbennett.com/,Ledger Bennett,(312) 275-2300,70,info@ledgerbennett.com
http://intellectsoft.net,Intellectsoft,,219,info@intellectsoft.net
http://itransition.com,Itransition,,1636,info@itransition.com
https://marketmindscreative.com/,Market Minds Creative,(512) 710-6908,1727,"info@marketmindscreativeagency.com,marketmindscreativeagency@gmail.com"
http://iflexion.com,Iflexion,,472,contact@iflexion.com
http://lembergsolutions.com,Lemberg Solutions,,266,info@lembergsolutions.com
https://outerbox.com/,OuterBox,(866) 377-1343,1212,sales@outerbox.com
http://mobindustry.net,Mobindustry,,198,info@apriorit.com
https://moburst.com/,Moburst,(212) 920-0650,532,
http://purelogics.com,Pure Logics,,344,careers@purelogics.com
http://n-ix.com,N-iX,,257,contact@n-ix.com
http://qarea.com,QArea,,247,business@qarea.com
http://sciencesoft.com,ScienceSoft,,199,
https://webvillage.com/,WebVillage Marketing,(732) 780-7770,15,
http://rootstrap.com,Rootstrap,,180,
http://luxoft.com,Luxoft,,226,
https://rathcore.com/,Rathcore Marketing,(949) 430-5268,884,kundenservice@pk-pro.de
https://theuagency.com/,The U Agency,(206) 486-2991,830,u@theuagency.com
http://ubertesters.com,Ubertesters,,107,
http://ventionteams.com,Vention,,685,"careers@ventionteams.com,hello@ventionteams.com,vendors.partnership@ventionteams.com"
https://www.accenture.com/,Accenture,+1 (312) 737-8004,251,
https://threemulesmarketing.com/,Three Mules Marketing & PR,(717) 215-9355,240,amanda@threemulesmarketing.com
https://www.akqa.com/,AKQA,(415) 645-9400,57,hello@akqa.com
https://www.assistdigital.com/,Assist Digital,+39 02 9286 9286,158,contact@assistdigital.com
https://www.columnfivemedia.com/,Column Five,(949) 215-1212,241,contact@columnfivemedia.com
https://www.bigpresence.com/,Big Presence,(813) 708-1221,149,
https://www.dentsu.com/,Dentsu,(212) 397-3333,267,
https://www.deloitte.com/,Deloitte,(212) 492-4000,339,
http://www.danielthomas.com,Daniel Thomas,(212) 555-7352,62,enquiry@danielthomas.com.au
http://softserveinc.com,SoftServe,,493,
http://www.davidcollins.com,David Collins,(202) 555-6754,33,
https://www.digitalneighbor.com/,Digital Neighbor,(617) 209-5370,645,contact@digitalneighbor.com
https://www.gravityglobal.com/,Gravity Global,(346) 202-0102,127,newbusiness@gravityglobal.com
https://www.growthmaze.com/,GrowthMaze,(888) 363-8304,63,
http://www.danielramirez.com,Daniel Ramirez,(214) 555-2396,57,
https://www.icrossing.com/,iCrossing,(212) 337-8500,186,
https://www.disruptiveadvertising.com/,Disruptive Advertising,(801) 810-9274,720,
https://www.hugeinc.com/,Huge,(310) 451-7000,343,"business@hugeinc.com,hello@hugeinc.com,jobs@hugeinc.com,press@hugeinc.com"
https://www.ibm.com/,IBM,+1 (914) 499-1900,382,xxx@ccc.com
https://www.digitas.com/,Digitas,(212) 610-5000,101,hello@digitz-digitas.com
http://www.johncarr.net,John Carr,(813) 555-6305,2300,jcarrchauffeur@outlook.com
https://www.merkle.com/,Merkle,(443) 542-4000,119,
http://www.marygonzalez.co,Mary Gonzalez,(202) 555-3754,117,
https://www.onlyloading.com/,Only Loading,+32 2 318 59 09,1477,hello@onlyloading.com
http://www.karenclark.net,Karen Clark,(813) 555-6789,99,
http://www.jameswilson.org,James Wilson,(212) 555-0147,355,
https://www.mccann.com/,McCann,(646) 865-2000,22,hello@mccann.com
http://www.michaelwagner.com,Michael Wagner,(312) 555-2961,170,
http://www.robertoliver.org,Robert Oliver,(214) 555-6305,34,
http://www.sarahbennett.info,Sarah Bennett,(704) 555-3072,4,
http://www.stevenadams.com,Steven Adams,(206) 555-2948,1048,info@stevenadams.com
https://www.sociallyin.com/,Sociallyin,(877) 777-7120,417,info@sociallyin.com
https://www.websparks.sg/,Websparks,+65 6391 0690,660,
https://www.velocitypartners.com/,Velocity Partners,+44 (0)20 7908 6363,227,
https://www.wipro.com/,Wipro,+91 (80) 2844-0011,283,
http://youteam.io,YouTeam,,182,support@toptal.com
http://zco.com,Zco Corporation,,314,info@zco.com
http://www.thomaspowell.com,Thomas Powell,(704) 555-2176,107,
